{"stats":{"minecraft:dropped":{"minecraft:cobblestone":6},"minecraft:custom":{"minecraft:time_since_rest":11201,"minecraft:play_one_minute":38421,"minecraft:crouch_one_cm":2731,"minecraft:sprint_one_cm":39224,"minecraft:deaths":1,"minecraft:walk_one_cm":28940,"minecraft:sneak_time":1195,"minecraft:drop":6,"minecraft:jump":289,"minecraft:leave_game":1,"minecraft:time_since_death":11168,"minecraft:fly_one_cm":95285},"minecraft:used":{"minecraft:structure_block":3,"minecraft:shroomlight":7,"minecraft:netherrack":32,"minecraft:torch":4,"minecraft:glowstone":10,"minecraft:mossy_cobblestone":29,"minecraft:lava_bucket":3,"minecraft:cobblestone":557,"minecraft:crying_obsidian":10,"shurlin:holy_pear_altar":1,"minecraft:yellow_stained_glass":8,"minecraft:lantern":7,"minecraft:warped_fence":8,"minecraft:pig_spawn_egg":1,"minecraft:yellow_stained_glass_pane":27,"minecraft:oak_sign":2,"minecraft:warped_nylium":16,"minecraft:glass":8,"minecraft:bedrock":1,"minecraft:stone_brick_stairs":70,"minecraft:gilded_blackstone":2,"minecraft:obsidian":8,"minecraft:cobweb":15,"minecraft:stone_bricks":147},"minecraft:picked_up":{"minecraft:stick":7,"minecraft:oak_sign":1,"minecraft:apple":1,"minecraft:salmon":3,"minecraft:stone_axe":1,"minecraft:wooden_pickaxe":1,"minecraft:spruce_log":1,"minecraft:oak_planks":12,"minecraft:cobblestone":6}},"DataVersion":2586}